{
  "http://www.buyrealfollows.com/buy-facebook-followers.html": "https://www.buyrealfollows.com/facebook-services/buy-facebook-followers",
  "http://www.buyrealfollows.com/instagram-followers-likes.php": "https://www.buyrealfollows.com/instagram-services",
  "http://www.buyrealfollows.com/buy-instagram-likes.html": "https://www.buyrealfollows.com/instagram-services/buy-instagram-likes",
  "http://www.buyrealfollows.com/buy-instagram-followers.html": "https://www.buyrealfollows.com/instagram-services/buy-instagram-followers",
  "http://www.buyrealfollows.com/buy-facebook-fan-page-likes.html": "https://www.buyrealfollows.com/facebook-services/buy-facebook-fan-page-likes",
  "http://www.buyrealfollows.com/youtube-views-likes-subscribers.php": "https://www.buyrealfollows.com/youtube-services",
  "http://www.buyrealfollows.com/myanmar/instagram-followers-likes": "https://www.buyrealfollows.com/instagram-services/myanmar",
  "http://www.buyrealfollows.com/romania/instagram-followers-likes": "https://www.buyrealfollows.com/instagram-services/romania",
  "http://www.buyrealfollows.com/barbados/instagram-followers-likes": "https://www.buyrealfollows.com/instagram-services/barbados",
  "http://www.buyrealfollows.com/the%20gambia/instagram-followers-likes": "https://www.buyrealfollows.com/instagram-services/the-gambia",
  "http://www.buyrealfollows.com/norfolk%20island/instagram-followers-likes": "https://www.buyrealfollows.com/instagram-services/norfolk-island",
  "http://www.buyrealfollows.com/andorra/instagram-followers-likes": "https://www.buyrealfollows.com/instagram-services/andorra",
  "http://www.buyrealfollows.com/comoros/instagram-followers-likes": "https://www.buyrealfollows.com/instagram-services/comoros",
  "http://www.buyrealfollows.com/chile/instagram-followers-likes": "https://www.buyrealfollows.com/instagram-services/chile",
  "http://www.buyrealfollows.com/morocco/instagram-followers-likes": "https://www.buyrealfollows.com/instagram-services/morocco",
  "http://www.buyrealfollows.com/qatar/instagram-followers-likes": "https://www.buyrealfollows.com/instagram-services/qatar",
  "http://www.buyrealfollows.com/spain/instagram-followers-likes": "https://www.buyrealfollows.com/instagram-services/spain",
  "http://www.buyrealfollows.com/singapore/instagram-followers-likes": "https://www.buyrealfollows.com/instagram-services/singapore",
  "http://www.buyrealfollows.com/heard%20and%20mc%20donald%20islands/instagram-followers-likes": "https://www.buyrealfollows.com/instagram-services/heard-and-mc-donald-islands",
  "http://www.buyrealfollows.com/kazakhstan/instagram-followers-likes": "https://www.buyrealfollows.com/instagram-services/kazakhstan",
  "http://www.buyrealfollows.com/brazil/instagram-followers-likes": "https://www.buyrealfollows.com/instagram-services/brazil",
  "http://www.buyrealfollows.com/netherlands/instagram-followers-likes": "https://www.buyrealfollows.com/instagram-services/netherlands",
  "http://www.buyrealfollows.com/germany/instagram-followers-likes": "https://www.buyrealfollows.com/instagram-services/germany",
  "http://www.buyrealfollows.com/somalia/instagram-followers-likes": "https://www.buyrealfollows.com/instagram-services/somalia",
  "http://www.buyrealfollows.com/uzbekistan/instagram-followers-likes": "https://www.buyrealfollows.com/instagram-services/uzbekistan",
  "http://www.buyrealfollows.com/niger/instagram-followers-likes": "https://www.buyrealfollows.com/instagram-services/niger",
  "http://www.buyrealfollows.com/norway/instagram-followers-likes": "https://www.buyrealfollows.com/instagram-services/norway",
  "http://www.buyrealfollows.com/lesotho/instagram-followers-likes": "https://www.buyrealfollows.com/instagram-services/lesotho",
  "http://www.buyrealfollows.com/afghanistan/instagram-followers-likes": "https://www.buyrealfollows.com/instagram-services/afghanistan",
  "http://www.buyrealfollows.com/martinique/instagram-followers-likes": "https://www.buyrealfollows.com/instagram-services/martinique",
  "http://www.buyrealfollows.com/libyan%20arab%20jamahiriya/instagram-followers-likes": "https://www.buyrealfollows.com/instagram-services/libyan-arab-jamahiriya",
  "http://www.buyrealfollows.com/algeria/instagram-followers-likes": "https://www.buyrealfollows.com/instagram-services/algeria",
  "http://www.buyrealfollows.com/libya/instagram-followers-likes": "https://www.buyrealfollows.com/instagram-services/libya",
  "http://www.buyrealfollows.com/san%20marino/instagram-followers-likes": "https://www.buyrealfollows.com/instagram-services/san-marino",
  "http://www.buyrealfollows.com/french%20guiana/instagram-followers-likes": "https://www.buyrealfollows.com/instagram-services/french-guiana",
  "http://www.buyrealfollows.com/maldives/instagram-followers-likes": "https://www.buyrealfollows.com/instagram-services/maldives",
  "http://www.buyrealfollows.com/saint%20helena/instagram-followers-likes": "https://www.buyrealfollows.com/instagram-services/saint-helena",
  "http://www.buyrealfollows.com/cuba/instagram-followers-likes": "https://www.buyrealfollows.com/instagram-services/cuba",
  "http://www.buyrealfollows.com/syria/instagram-followers-likes": "https://www.buyrealfollows.com/instagram-services/syria",
  "http://www.buyrealfollows.com/guinea/instagram-followers-likes": "https://www.buyrealfollows.com/instagram-services/guinea",
  "http://www.buyrealfollows.com/liechtenstein/instagram-followers-likes": "https://www.buyrealfollows.com/instagram-services/liechtenstein",
  "http://www.buyrealfollows.com/canada/instagram-followers-likes": "https://www.buyrealfollows.com/instagram-services/canada",
  "http://www.buyrealfollows.com/american%20samoa/instagram-followers-likes": "https://www.buyrealfollows.com/instagram-services/american-samoa",
  "http://www.buyrealfollows.com/fiji/instagram-followers-likes": "https://www.buyrealfollows.com/instagram-services/fiji",
  "http://www.buyrealfollows.com/new%20zealand/instagram-followers-likes": "https://www.buyrealfollows.com/instagram-services/new-zealand",
  "http://www.buyrealfollows.com/albania/instagram-followers-likes": "https://www.buyrealfollows.com/instagram-services/albania",
  "http://www.buyrealfollows.com/british%20virgin%20islands/instagram-followers-likes": "https://www.buyrealfollows.com/instagram-services/british-virgin-islands",
  "http://www.buyrealfollows.com/japan/instagram-followers-likes": "https://www.buyrealfollows.com/instagram-services/japan",
  "http://www.buyrealfollows.com/poland/instagram-followers-likes": "https://www.buyrealfollows.com/instagram-services/poland",
  "http://www.buyrealfollows.com/vanuatu/instagram-followers-likes": "https://www.buyrealfollows.com/instagram-services/vanuatu",
  "http://www.buyrealfollows.com/cocos%20islands/instagram-followers-likes": "https://www.buyrealfollows.com/instagram-services/cocos-islands",
  "http://www.buyrealfollows.com/congo/instagram-followers-likes": "https://www.buyrealfollows.com/instagram-services/congo",
  "http://www.buyrealfollows.com/armenia/instagram-followers-likes": "https://www.buyrealfollows.com/instagram-services/armenia",
  "http://www.buyrealfollows.com/finland/instagram-followers-likes": "https://www.buyrealfollows.com/instagram-services/finland",
  "http://www.buyrealfollows.com/bahrain/instagram-followers-likes": "https://www.buyrealfollows.com/instagram-services/bahrain",
  "http://www.buyrealfollows.com/wallis%20and%20futuna%20islands/instagram-followers-likes": "https://www.buyrealfollows.com/instagram-services/wallis-and-futuna-islands",
  "http://www.buyrealfollows.com/chad/instagram-followers-likes": "https://www.buyrealfollows.com/instagram-services/chad",
  "http://www.buyrealfollows.com/northern%20mariana%20islands/instagram-followers-likes": "https://www.buyrealfollows.com/instagram-services/northern-mariana-islands",
  "http://www.buyrealfollows.com/norfork%20island/instagram-followers-likes": "https://www.buyrealfollows.com/instagram-services/norfork-island",
  "http://www.buyrealfollows.com/russian%20federation/instagram-followers-likes": "https://www.buyrealfollows.com/instagram-services/russian-federation",
  "http://www.buyrealfollows.com/cocos%20%20islands/instagram-followers-likes": "https://www.buyrealfollows.com/instagram-services/cocos--islands",
  "http://www.buyrealfollows.com/mali/instagram-followers-likes": "https://www.buyrealfollows.com/instagram-services/mali",
  "http://www.buyrealfollows.com/guam/instagram-followers-likes": "https://www.buyrealfollows.com/instagram-services/guam",
  "http://www.buyrealfollows.com/netherlands%20antilles/instagram-followers-likes": "https://www.buyrealfollows.com/instagram-services/netherlands-antilles",
  "http://www.buyrealfollows.com/peru/instagram-followers-likes": "https://www.buyrealfollows.com/instagram-services/peru",
  "http://www.buyrealfollows.com/cook%20islands/instagram-followers-likes": "https://www.buyrealfollows.com/instagram-services/cook-islands",
  "http://www.buyrealfollows.com/oman/instagram-followers-likes": "https://www.buyrealfollows.com/instagram-services/oman",
  "http://www.buyrealfollows.com/kosovo/instagram-followers-likes": "https://www.buyrealfollows.com/instagram-services/kosovo",
  "http://www.buyrealfollows.com/luxembourg/instagram-followers-likes": "https://www.buyrealfollows.com/instagram-services/luxembourg",
  "http://www.buyrealfollows.com/namibia/instagram-followers-likes": "https://www.buyrealfollows.com/instagram-services/namibia",
  "http://www.buyrealfollows.com/western%20sahara/instagram-followers-likes": "https://www.buyrealfollows.com/instagram-services/western-sahara",
  "http://www.buyrealfollows.com/turkey/instagram-followers-likes": "https://www.buyrealfollows.com/instagram-services/turkey",
  "http://www.buyrealfollows.com/ivory%20coast/instagram-followers-likes": "https://www.buyrealfollows.com/instagram-services/ivory-coast",
  "http://www.buyrealfollows.com/central%20african%20republic/instagram-followers-likes": "https://www.buyrealfollows.com/instagram-services/central-african-republic",
  "http://www.buyrealfollows.com/mayotte/instagram-followers-likes": "https://www.buyrealfollows.com/instagram-services/mayotte",
  "http://www.buyrealfollows.com/mauritania/instagram-followers-likes": "https://www.buyrealfollows.com/instagram-services/mauritania",
  "http://www.buyrealfollows.com/zambia/instagram-followers-likes": "https://www.buyrealfollows.com/instagram-services/zambia",
  "http://www.buyrealfollows.com/botswana/instagram-followers-likes": "https://www.buyrealfollows.com/instagram-services/botswana",
  "http://www.buyrealfollows.com/bermuda/instagram-followers-likes": "https://www.buyrealfollows.com/instagram-services/bermuda",
  "http://www.buyrealfollows.com/senegal/instagram-followers-likes": "https://www.buyrealfollows.com/instagram-services/senegal",
  "http://www.buyrealfollows.com/france/instagram-followers-likes": "https://www.buyrealfollows.com/instagram-services/france",
  "http://www.buyrealfollows.com/solomon%20islands/instagram-followers-likes": "https://www.buyrealfollows.com/instagram-services/solomon-islands",
  "http://www.buyrealfollows.com/antarctica/instagram-followers-likes": "https://www.buyrealfollows.com/instagram-services/antarctica",
  "http://www.buyrealfollows.com/north%20korea/instagram-followers-likes": "https://www.buyrealfollows.com/instagram-services/north-korea",
  "http://www.buyrealfollows.com/italy/instagram-followers-likes": "https://www.buyrealfollows.com/instagram-services/italy",
  "http://www.buyrealfollows.com/jersey/instagram-followers-likes": "https://www.buyrealfollows.com/instagram-services/jersey",
  "http://www.buyrealfollows.com/bangladesh/instagram-followers-likes": "https://www.buyrealfollows.com/instagram-services/bangladesh",
  "http://www.buyrealfollows.com/russia/instagram-followers-likes": "https://www.buyrealfollows.com/instagram-services/russia",
  "http://www.buyrealfollows.com/nepal/instagram-followers-likes": "https://www.buyrealfollows.com/instagram-services/nepal",
  "http://www.buyrealfollows.com/hong%20kong/instagram-followers-likes": "https://www.buyrealfollows.com/instagram-services/hong-kong",
  "http://www.buyrealfollows.com/saudi%20arabia/instagram-followers-likes": "https://www.buyrealfollows.com/instagram-services/saudi-arabia",
  "http://www.buyrealfollows.com/united%20kingdom/instagram-followers-likes": "https://www.buyrealfollows.com/instagram-services/united-kingdom",
  "http://www.buyrealfollows.com/tanzania/instagram-followers-likes": "https://www.buyrealfollows.com/instagram-services/tanzania",
  "http://www.buyrealfollows.com/eritrea/instagram-followers-likes": "https://www.buyrealfollows.com/instagram-services/eritrea",
  "http://www.buyrealfollows.com/french%20polynesia/instagram-followers-likes": "https://www.buyrealfollows.com/instagram-services/french-polynesia",
  "http://www.buyrealfollows.com/belize/instagram-followers-likes": "https://www.buyrealfollows.com/instagram-services/belize",
  "http://www.buyrealfollows.com/trinidad%20and%20tobago/instagram-followers-likes": "https://www.buyrealfollows.com/instagram-services/trinidad-and-tobago",
  "http://www.buyrealfollows.com/nicaragua/instagram-followers-likes": "https://www.buyrealfollows.com/instagram-services/nicaragua",
  "http://www.buyrealfollows.com/guinea-bissau/instagram-followers-likes": "https://www.buyrealfollows.com/instagram-services/guinea-bissau",
  "http://www.buyrealfollows.com/venezuela/instagram-followers-likes": "https://www.buyrealfollows.com/instagram-services/venezuela",
  "http://www.buyrealfollows.com/pakistan/instagram-followers-likes": "https://www.buyrealfollows.com/instagram-services/pakistan",
  "http://www.buyrealfollows.com/costa%20rica/instagram-followers-likes": "https://www.buyrealfollows.com/instagram-services/costa-rica",
  "http://www.buyrealfollows.com/mexico/instagram-followers-likes": "https://www.buyrealfollows.com/instagram-services/mexico",
  "http://www.buyrealfollows.com/nauru/instagram-followers-likes": "https://www.buyrealfollows.com/instagram-services/nauru",
  "http://www.buyrealfollows.com/palau/instagram-followers-likes": "https://www.buyrealfollows.com/instagram-services/palau",
  "http://www.buyrealfollows.com/tajikistan/instagram-followers-likes": "https://www.buyrealfollows.com/instagram-services/tajikistan",
  "http://www.buyrealfollows.com/togo/instagram-followers-likes": "https://www.buyrealfollows.com/instagram-services/togo",
  "http://www.buyrealfollows.com/syrian%20arab%20republic/instagram-followers-likes": "https://www.buyrealfollows.com/instagram-services/syrian-arab-republic",
  "http://www.buyrealfollows.com/tokelau/instagram-followers-likes": "https://www.buyrealfollows.com/instagram-services/tokelau",
  "http://www.buyrealfollows.com/vietnam/instagram-followers-likes": "https://www.buyrealfollows.com/instagram-services/vietnam",
  "http://www.buyrealfollows.com/sudan/instagram-followers-likes": "https://www.buyrealfollows.com/instagram-services/sudan",
  "http://www.buyrealfollows.com/micronesia%20/instagram-followers-likes": "https://www.buyrealfollows.com/instagram-services/micronesia-",
  "http://www.buyrealfollows.com/cameroon/instagram-followers-likes": "https://www.buyrealfollows.com/instagram-services/cameroon",
  "http://www.buyrealfollows.com/gambia/instagram-followers-likes": "https://www.buyrealfollows.com/instagram-services/gambia",
  "http://www.buyrealfollows.com/czech%20republic/instagram-followers-likes": "https://www.buyrealfollows.com/instagram-services/czech-republic",
  "http://www.buyrealfollows.com/kiribati/instagram-followers-likes": "https://www.buyrealfollows.com/instagram-services/kiribati",
  "http://www.buyrealfollows.com/united%20arab%20emirates/instagram-followers-likes": "https://www.buyrealfollows.com/instagram-services/united-arab-emirates",
  "http://www.buyrealfollows.com/mauritius/instagram-followers-likes": "https://www.buyrealfollows.com/instagram-services/mauritius",
  "http://www.buyrealfollows.com/jordan/instagram-followers-likes": "https://www.buyrealfollows.com/instagram-services/jordan",
  "http://www.buyrealfollows.com/lithuania/instagram-followers-likes": "https://www.buyrealfollows.com/instagram-services/lithuania",
  "http://www.buyrealfollows.com/equatorial%20guinea/instagram-followers-likes": "https://www.buyrealfollows.com/instagram-services/equatorial-guinea",
  "http://www.buyrealfollows.com/monaco/instagram-followers-likes": "https://www.buyrealfollows.com/instagram-services/monaco",
  "http://www.buyrealfollows.com/svalbard/instagram-followers-likes": "https://www.buyrealfollows.com/instagram-services/svalbard",
  "http://www.buyrealfollows.com/saint%20kitts%20and%20nevis/instagram-followers-likes": "https://www.buyrealfollows.com/instagram-services/saint-kitts-and-nevis",
  "http://www.buyrealfollows.com/latvia/instagram-followers-likes": "https://www.buyrealfollows.com/instagram-services/latvia",
  "http://www.buyrealfollows.com/french%20southern%20territories/instagram-followers-likes": "https://www.buyrealfollows.com/instagram-services/french-southern-territories",
  "http://www.buyrealfollows.com/united%20states%20minor%20outlying%20islands/instagram-followers-likes": "https://www.buyrealfollows.com/instagram-services/united-states-minor-outlying-islands",
  "http://www.buyrealfollows.com/burundi/instagram-followers-likes": "https://www.buyrealfollows.com/instagram-services/burundi",
  "http://www.buyrealfollows.com/taiwan/instagram-followers-likes": "https://www.buyrealfollows.com/instagram-services/taiwan",
  "http://www.buyrealfollows.com/china/instagram-followers-likes": "https://www.buyrealfollows.com/instagram-services/china",
  "http://www.buyrealfollows.com/egypt/instagram-followers-likes": "https://www.buyrealfollows.com/instagram-services/egypt",
  "http://www.buyrealfollows.com/montserrat/instagram-followers-likes": "https://www.buyrealfollows.com/instagram-services/montserrat",
  "http://www.buyrealfollows.com/guadeloupe/instagram-followers-likes": "https://www.buyrealfollows.com/instagram-services/guadeloupe",
  "http://www.buyrealfollows.com/montenegro/instagram-followers-likes": "https://www.buyrealfollows.com/instagram-services/montenegro",
  "http://www.buyrealfollows.com/haiti/instagram-followers-likes": "https://www.buyrealfollows.com/instagram-services/haiti",
  "http://www.buyrealfollows.com/colombia/instagram-followers-likes": "https://www.buyrealfollows.com/instagram-services/colombia",
  "http://www.buyrealfollows.com/bulgaria/instagram-followers-likes": "https://www.buyrealfollows.com/instagram-services/bulgaria",
  "http://www.buyrealfollows.com/tuvalu/instagram-followers-likes": "https://www.buyrealfollows.com/instagram-services/tuvalu",
  "http://www.buyrealfollows.com/belarus/instagram-followers-likes": "https://www.buyrealfollows.com/instagram-services/belarus",
  "http://www.buyrealfollows.com/puerto%20rico/instagram-followers-likes": "https://www.buyrealfollows.com/instagram-services/puerto-rico",
  "http://www.buyrealfollows.com/united%20states/instagram-followers-likes": "https://www.buyrealfollows.com/instagram-services/united-states",
  "http://www.buyrealfollows.com/pitcairn/instagram-followers-likes": "https://www.buyrealfollows.com/instagram-services/pitcairn",
  "http://www.buyrealfollows.com/faroe%20islands/instagram-followers-likes": "https://www.buyrealfollows.com/instagram-services/faroe-islands",
  "http://www.buyrealfollows.com/saint%20pierre%20and%20miquelon/instagram-followers-likes": "https://www.buyrealfollows.com/instagram-services/saint-pierre-and-miquelon",
  "http://www.buyrealfollows.com/bahamas/instagram-followers-likes": "https://www.buyrealfollows.com/instagram-services/bahamas",
  "http://www.buyrealfollows.com/antigua%20and%20barbuda/instagram-followers-likes": "https://www.buyrealfollows.com/instagram-services/antigua-and-barbuda",
  "http://www.buyrealfollows.com/argentina/instagram-followers-likes": "https://www.buyrealfollows.com/instagram-services/argentina",
  "http://www.buyrealfollows.com/uruguay/instagram-followers-likes": "https://www.buyrealfollows.com/instagram-services/uruguay",
  "http://www.buyrealfollows.com/serbia/instagram-followers-likes": "https://www.buyrealfollows.com/instagram-services/serbia",
  "http://www.buyrealfollows.com/niue/instagram-followers-likes": "https://www.buyrealfollows.com/instagram-services/niue",
  "http://www.buyrealfollows.com/british%20lndian%20ocean%20territory/instagram-followers-likes": "https://www.buyrealfollows.com/instagram-services/british-lndian-ocean-territory",
  "http://www.buyrealfollows.com/guatemala/instagram-followers-likes": "https://www.buyrealfollows.com/instagram-services/guatemala",
  "http://www.buyrealfollows.com/yemen/instagram-followers-likes": "https://www.buyrealfollows.com/instagram-services/yemen",
  "http://www.buyrealfollows.com/kuwait/instagram-followers-likes": "https://www.buyrealfollows.com/instagram-services/kuwait",
  "http://www.buyrealfollows.com/denmark/instagram-followers-likes": "https://www.buyrealfollows.com/instagram-services/denmark",
  "http://www.buyrealfollows.com/rwanda/instagram-followers-likes": "https://www.buyrealfollows.com/instagram-services/rwanda",
  "http://www.buyrealfollows.com/samoa/instagram-followers-likes": "https://www.buyrealfollows.com/instagram-services/samoa",
  "http://www.buyrealfollows.com/tonga/instagram-followers-likes": "https://www.buyrealfollows.com/instagram-services/tonga",
  "http://www.buyrealfollows.com/portugal/instagram-followers-likes": "https://www.buyrealfollows.com/instagram-services/portugal",
  "http://www.buyrealfollows.com/turkmenistan/instagram-followers-likes": "https://www.buyrealfollows.com/instagram-services/turkmenistan",
  "http://www.buyrealfollows.com/malta/instagram-followers-likes": "https://www.buyrealfollows.com/instagram-services/malta",
  "http://www.buyrealfollows.com/laos/instagram-followers-likes": "https://www.buyrealfollows.com/instagram-services/laos",
  "http://www.buyrealfollows.com/saint%20vincent%20and%20the%20grenadines/instagram-followers-likes": "https://www.buyrealfollows.com/instagram-services/saint-vincent-and-the-grenadines",
  "http://www.buyrealfollows.com/the%20bahamas/instagram-followers-likes": "https://www.buyrealfollows.com/instagram-services/the-bahamas",
  "http://www.buyrealfollows.com/honduras/instagram-followers-likes": "https://www.buyrealfollows.com/instagram-services/honduras",
  "http://www.buyrealfollows.com/azerbaijan/instagram-followers-likes": "https://www.buyrealfollows.com/instagram-services/azerbaijan",
  "http://www.buyrealfollows.com/malaysia/instagram-followers-likes": "https://www.buyrealfollows.com/instagram-services/malaysia",
  "http://www.buyrealfollows.com/georgia/instagram-followers-likes": "https://www.buyrealfollows.com/instagram-services/georgia",
  "http://www.buyrealfollows.com/macau/instagram-followers-likes": "https://www.buyrealfollows.com/instagram-services/macau",
  "http://www.buyrealfollows.com/turks%20and%20caicos%20islands/instagram-followers-likes": "https://www.buyrealfollows.com/instagram-services/turks-and-caicos-islands",
  "http://www.buyrealfollows.com/el%20salvador/instagram-followers-likes": "https://www.buyrealfollows.com/instagram-services/el-salvador",
  "http://www.buyrealfollows.com/madagascar/instagram-followers-likes": "https://www.buyrealfollows.com/instagram-services/madagascar",
  "http://www.buyrealfollows.com/guernsey/instagram-followers-likes": "https://www.buyrealfollows.com/instagram-services/guernsey",
  "http://www.buyrealfollows.com/swaziland/instagram-followers-likes": "https://www.buyrealfollows.com/instagram-services/swaziland",
  "http://www.buyrealfollows.com/mongolia/instagram-followers-likes": "https://www.buyrealfollows.com/instagram-services/mongolia",
  "http://www.buyrealfollows.com/croatia/instagram-followers-likes": "https://www.buyrealfollows.com/instagram-services/croatia",
  "http://www.buyrealfollows.com/marshall%20islands/instagram-followers-likes": "https://www.buyrealfollows.com/instagram-services/marshall-islands",
  "http://www.buyrealfollows.com/belgium/instagram-followers-likes": "https://www.buyrealfollows.com/instagram-services/belgium",
  "http://www.buyrealfollows.com/paraguay/instagram-followers-likes": "https://www.buyrealfollows.com/instagram-services/paraguay",
  "http://www.buyrealfollows.com/reunion/instagram-followers-likes": "https://www.buyrealfollows.com/instagram-services/reunion",
  "http://www.buyrealfollows.com/greenland/instagram-followers-likes": "https://www.buyrealfollows.com/instagram-services/greenland",
  "http://www.buyrealfollows.com/christmas%20island/instagram-followers-likes": "https://www.buyrealfollows.com/instagram-services/christmas-island",
  "http://www.buyrealfollows.com/jamaica/instagram-followers-likes": "https://www.buyrealfollows.com/instagram-services/jamaica",
  "http://www.buyrealfollows.com/iraq/instagram-followers-likes": "https://www.buyrealfollows.com/instagram-services/iraq",
  "http://www.buyrealfollows.com/cayman%20islands/instagram-followers-likes": "https://www.buyrealfollows.com/instagram-services/cayman-islands",
  "http://www.buyrealfollows.com/cyprus/instagram-followers-likes": "https://www.buyrealfollows.com/instagram-services/cyprus",
  "http://www.buyrealfollows.com/sierra%20leone/instagram-followers-likes": "https://www.buyrealfollows.com/instagram-services/sierra-leone",
  "http://www.buyrealfollows.com/slovenia/instagram-followers-likes": "https://www.buyrealfollows.com/instagram-services/slovenia",
  "http://www.buyrealfollows.com/svalbarn%20and%20jan%20mayen%20islands/instagram-followers-likes": "https://www.buyrealfollows.com/instagram-services/svalbarn-and-jan-mayen-islands",
  "http://www.buyrealfollows.com/ghana/instagram-followers-likes": "https://www.buyrealfollows.com/instagram-services/ghana",
  "http://www.buyrealfollows.com/seychelles/instagram-followers-likes": "https://www.buyrealfollows.com/instagram-services/seychelles",
  "http://www.buyrealfollows.com/bhutan/instagram-followers-likes": "https://www.buyrealfollows.com/instagram-services/bhutan",
  "http://www.buyrealfollows.com/new%20caledonia/instagram-followers-likes": "https://www.buyrealfollows.com/instagram-services/new-caledonia",
  "http://www.buyrealfollows.com/indonesia/instagram-followers-likes": "https://www.buyrealfollows.com/instagram-services/indonesia",
  "http://www.buyrealfollows.com/aruba/instagram-followers-likes": "https://www.buyrealfollows.com/instagram-services/aruba",
  "http://www.buyrealfollows.com/south%20georgia%20south%20sandwich%20islands/instagram-followers-likes": "https://www.buyrealfollows.com/instagram-services/south-georgia-south-sandwich-islands",
  "http://www.buyrealfollows.com/macau%20sar/instagram-followers-likes": "https://www.buyrealfollows.com/instagram-services/macau-sar",
  "http://www.buyrealfollows.com/ireland/instagram-followers-likes": "https://www.buyrealfollows.com/instagram-services/ireland",
  "http://www.buyrealfollows.com/lebanon/instagram-followers-likes": "https://www.buyrealfollows.com/instagram-services/lebanon",
  "http://www.buyrealfollows.com/india/instagram-followers-likes": "https://www.buyrealfollows.com/instagram-services/india",
  "http://www.buyrealfollows.com/virgin%20islands%20/instagram-followers-likes": "https://www.buyrealfollows.com/instagram-services/virgin-islands-",
  "http://www.buyrealfollows.com/macedonia/instagram-followers-likes": "https://www.buyrealfollows.com/instagram-services/macedonia",
  "http://www.buyrealfollows.com/democratic%20republic%20of%20the%20congo/instagram-followers-likes": "https://www.buyrealfollows.com/instagram-services/democratic-republic-of-the-congo",
  "http://www.buyrealfollows.com/dominica/instagram-followers-likes": "https://www.buyrealfollows.com/instagram-services/dominica",
  "http://www.buyrealfollows.com/bolivia/instagram-followers-likes": "https://www.buyrealfollows.com/instagram-services/bolivia",
  "http://www.buyrealfollows.com/pitcairn%20islands/instagram-followers-likes": "https://www.buyrealfollows.com/instagram-services/pitcairn-islands",
  "http://www.buyrealfollows.com/philippines/instagram-followers-likes": "https://www.buyrealfollows.com/instagram-services/philippines",
  "http://www.buyrealfollows.com/hungary/instagram-followers-likes": "https://www.buyrealfollows.com/instagram-services/hungary",
  "http://www.buyrealfollows.com/moldova/instagram-followers-likes": "https://www.buyrealfollows.com/instagram-services/moldova",
  "http://www.buyrealfollows.com/bouvet%20island/instagram-followers-likes": "https://www.buyrealfollows.com/instagram-services/bouvet-island",
  "http://www.buyrealfollows.com/south%20africa/instagram-followers-likes": "https://www.buyrealfollows.com/instagram-services/south-africa",
  "http://www.buyrealfollows.com/austria/instagram-followers-likes": "https://www.buyrealfollows.com/instagram-services/austria",
  "http://www.buyrealfollows.com/iran/instagram-followers-likes": "https://www.buyrealfollows.com/instagram-services/iran",
  "http://www.buyrealfollows.com/tunisia/instagram-followers-likes": "https://www.buyrealfollows.com/instagram-services/tunisia",
  "http://www.buyrealfollows.com/iceland/instagram-followers-likes": "https://www.buyrealfollows.com/instagram-services/iceland",
  "http://www.buyrealfollows.com/panama/instagram-followers-likes": "https://www.buyrealfollows.com/instagram-services/panama",
  "http://www.buyrealfollows.com/burkina%20faso/instagram-followers-likes": "https://www.buyrealfollows.com/instagram-services/burkina-faso",
  "http://www.buyrealfollows.com/ukraine/instagram-followers-likes": "https://www.buyrealfollows.com/instagram-services/ukraine",
  "http://www.buyrealfollows.com/liberia/instagram-followers-likes": "https://www.buyrealfollows.com/instagram-services/liberia",
  "http://www.buyrealfollows.com/gabon/instagram-followers-likes": "https://www.buyrealfollows.com/instagram-services/gabon",
  "http://www.buyrealfollows.com/anguilla/instagram-followers-likes": "https://www.buyrealfollows.com/instagram-services/anguilla",
  "http://www.buyrealfollows.com/djibouti/instagram-followers-likes": "https://www.buyrealfollows.com/instagram-services/djibouti",
  "http://www.buyrealfollows.com/papua%20new%20guinea/instagram-followers-likes": "https://www.buyrealfollows.com/instagram-services/papua-new-guinea",
  "http://www.buyrealfollows.com/cambodia/instagram-followers-likes": "https://www.buyrealfollows.com/instagram-services/cambodia",
  "http://www.buyrealfollows.com/south%20korea/instagram-followers-likes": "https://www.buyrealfollows.com/instagram-services/south-korea",
  "http://www.buyrealfollows.com/mozambique/instagram-followers-likes": "https://www.buyrealfollows.com/instagram-services/mozambique",
  "http://www.buyrealfollows.com/slovakia/instagram-followers-likes": "https://www.buyrealfollows.com/instagram-services/slovakia",
  "http://www.buyrealfollows.com/sri%20lanka/instagram-followers-likes": "https://www.buyrealfollows.com/instagram-services/sri-lanka",
  "http://www.buyrealfollows.com/sao%20tome%20and%20principe/instagram-followers-likes": "https://www.buyrealfollows.com/instagram-services/sao-tome-and-principe",
  "http://www.buyrealfollows.com/estonia/instagram-followers-likes": "https://www.buyrealfollows.com/instagram-services/estonia",
  "http://www.buyrealfollows.com/nigeria/instagram-followers-likes": "https://www.buyrealfollows.com/instagram-services/nigeria",
  "http://www.buyrealfollows.com/ethiopia/instagram-followers-likes": "https://www.buyrealfollows.com/instagram-services/ethiopia",
  "http://www.buyrealfollows.com/zaire/instagram-followers-likes": "https://www.buyrealfollows.com/instagram-services/zaire",
  "http://www.buyrealfollows.com/switzerland/instagram-followers-likes": "https://www.buyrealfollows.com/instagram-services/switzerland",
  "http://www.buyrealfollows.com/saint%20lucia/instagram-followers-likes": "https://www.buyrealfollows.com/instagram-services/saint-lucia",
  "http://www.buyrealfollows.com/suriname/instagram-followers-likes": "https://www.buyrealfollows.com/instagram-services/suriname",
  "http://www.buyrealfollows.com/australia/instagram-followers-likes": "https://www.buyrealfollows.com/instagram-services/australia",
  "http://www.buyrealfollows.com/benin/instagram-followers-likes": "https://www.buyrealfollows.com/instagram-services/benin",
  "http://www.buyrealfollows.com/mexico/youtube-views-likes-subscribers": "https://www.buyrealfollows.com/youtube-services/mexico",
  "http://www.buyrealfollows.com/ethiopia/youtube-views-likes-subscribers": "https://www.buyrealfollows.com/youtube-services/ethiopia",
  "http://www.buyrealfollows.com/iraq/youtube-views-likes-subscribers": "https://www.buyrealfollows.com/youtube-services/iraq",
  "http://www.buyrealfollows.com/macau/youtube-views-likes-subscribers": "https://www.buyrealfollows.com/youtube-services/macau",
  "http://www.buyrealfollows.com/burundi/youtube-views-likes-subscribers": "https://www.buyrealfollows.com/youtube-services/burundi",
  "http://www.buyrealfollows.com/qatar/youtube-views-likes-subscribers": "https://www.buyrealfollows.com/youtube-services/qatar",
  "http://www.buyrealfollows.com/chile/youtube-views-likes-subscribers": "https://www.buyrealfollows.com/youtube-services/chile",
  "http://www.buyrealfollows.com/lebanon/youtube-views-likes-subscribers": "https://www.buyrealfollows.com/youtube-services/lebanon",
  "http://www.buyrealfollows.com/australia/youtube-views-likes-subscribers": "https://www.buyrealfollows.com/youtube-services/australia",
  "http://www.buyrealfollows.com/montserrat/youtube-views-likes-subscribers": "https://www.buyrealfollows.com/youtube-services/montserrat",
  "http://www.buyrealfollows.com/italy/youtube-views-likes-subscribers": "https://www.buyrealfollows.com/youtube-services/italy",
  "http://www.buyrealfollows.com/mali/youtube-views-likes-subscribers": "https://www.buyrealfollows.com/youtube-services/mali",
  "http://www.buyrealfollows.com/north%20korea/youtube-views-likes-subscribers": "https://www.buyrealfollows.com/youtube-services/north-korea",
  "http://www.buyrealfollows.com/macedonia/youtube-views-likes-subscribers": "https://www.buyrealfollows.com/youtube-services/macedonia",
  "http://www.buyrealfollows.com/guatemala/youtube-views-likes-subscribers": "https://www.buyrealfollows.com/youtube-services/guatemala",
  "http://www.buyrealfollows.com/guam/youtube-views-likes-subscribers": "https://www.buyrealfollows.com/youtube-services/guam",
  "http://www.buyrealfollows.com/martinique/youtube-views-likes-subscribers": "https://www.buyrealfollows.com/youtube-services/martinique",
  "http://www.buyrealfollows.com/bolivia/youtube-views-likes-subscribers": "https://www.buyrealfollows.com/youtube-services/bolivia",
  "http://www.buyrealfollows.com/angola/youtube-views-likes-subscribers": "https://www.buyrealfollows.com/youtube-services/angola",
  "http://www.buyrealfollows.com/bahamas/youtube-views-likes-subscribers": "https://www.buyrealfollows.com/youtube-services/bahamas",
  "http://www.buyrealfollows.com/luxembourg/youtube-views-likes-subscribers": "https://www.buyrealfollows.com/youtube-services/luxembourg",
  "http://www.buyrealfollows.com/grenada/youtube-views-likes-subscribers": "https://www.buyrealfollows.com/youtube-services/grenada",
  "http://www.buyrealfollows.com/belgium/youtube-views-likes-subscribers": "https://www.buyrealfollows.com/youtube-services/belgium",
  "http://www.buyrealfollows.com/faroe%20islands/youtube-views-likes-subscribers": "https://www.buyrealfollows.com/youtube-services/faroe-islands",
  "http://www.buyrealfollows.com/cameroon/youtube-views-likes-subscribers": "https://www.buyrealfollows.com/youtube-services/cameroon",
  "http://www.buyrealfollows.com/belize/youtube-views-likes-subscribers": "https://www.buyrealfollows.com/youtube-services/belize",
  "http://www.buyrealfollows.com/palau/youtube-views-likes-subscribers": "https://www.buyrealfollows.com/youtube-services/palau",
  "http://www.buyrealfollows.com/myanmar/youtube-views-likes-subscribers": "https://www.buyrealfollows.com/youtube-services/myanmar",
  "http://www.buyrealfollows.com/greenland/youtube-views-likes-subscribers": "https://www.buyrealfollows.com/youtube-services/greenland",
  "http://www.buyrealfollows.com/israel/youtube-views-likes-subscribers": "https://www.buyrealfollows.com/youtube-services/israel",
  "http://www.buyrealfollows.com/denmark/youtube-views-likes-subscribers": "https://www.buyrealfollows.com/youtube-services/denmark",
  "http://www.buyrealfollows.com/georgia/youtube-views-likes-subscribers": "https://www.buyrealfollows.com/youtube-services/georgia",
  "http://www.buyrealfollows.com/kenya/youtube-views-likes-subscribers": "https://www.buyrealfollows.com/youtube-services/kenya",
  "http://www.buyrealfollows.com/china/youtube-views-likes-subscribers": "https://www.buyrealfollows.com/youtube-services/china",
  "http://www.buyrealfollows.com/marshall%20islands/youtube-views-likes-subscribers": "https://www.buyrealfollows.com/youtube-services/marshall-islands",
  "http://www.buyrealfollows.com/paraguay/youtube-views-likes-subscribers": "https://www.buyrealfollows.com/youtube-services/paraguay",
  "http://www.buyrealfollows.com/mauritania/youtube-views-likes-subscribers": "https://www.buyrealfollows.com/youtube-services/mauritania",
  "http://www.buyrealfollows.com/netherlands%20antilles/youtube-views-likes-subscribers": "https://www.buyrealfollows.com/youtube-services/netherlands-antilles",
  "http://www.buyrealfollows.com/reunion/youtube-views-likes-subscribers": "https://www.buyrealfollows.com/youtube-services/reunion",
  "http://www.buyrealfollows.com/libya/youtube-views-likes-subscribers": "https://www.buyrealfollows.com/youtube-services/libya",
  "http://www.buyrealfollows.com/heard%20and%20mc%20donald%20islands/youtube-views-likes-subscribers": "https://www.buyrealfollows.com/youtube-services/heard-and-mc-donald-islands",
  "http://www.buyrealfollows.com/aruba/youtube-views-likes-subscribers": "https://www.buyrealfollows.com/youtube-services/aruba",
  "http://www.buyrealfollows.com/malaysia/youtube-views-likes-subscribers": "https://www.buyrealfollows.com/youtube-services/malaysia",
  "http://www.buyrealfollows.com/colombia/youtube-views-likes-subscribers": "https://www.buyrealfollows.com/youtube-services/colombia",
  "http://www.buyrealfollows.com/greece/youtube-views-likes-subscribers": "https://www.buyrealfollows.com/youtube-services/greece",
  "http://www.buyrealfollows.com/peru/youtube-views-likes-subscribers": "https://www.buyrealfollows.com/youtube-services/peru",
  "http://www.buyrealfollows.com/azerbaijan/youtube-views-likes-subscribers": "https://www.buyrealfollows.com/youtube-services/azerbaijan",
  "http://www.buyrealfollows.com/portugal/youtube-views-likes-subscribers": "https://www.buyrealfollows.com/youtube-services/portugal",
  "http://www.buyrealfollows.com/france/youtube-views-likes-subscribers": "https://www.buyrealfollows.com/youtube-services/france",
  "http://www.buyrealfollows.com/mozambique/youtube-views-likes-subscribers": "https://www.buyrealfollows.com/youtube-services/mozambique",
  "http://www.buyrealfollows.com/egypt/youtube-views-likes-subscribers": "https://www.buyrealfollows.com/youtube-services/egypt",
  "http://www.buyrealfollows.com/new%20caledonia/youtube-views-likes-subscribers": "https://www.buyrealfollows.com/youtube-services/new-caledonia",
  "http://www.buyrealfollows.com/guinea/youtube-views-likes-subscribers": "https://www.buyrealfollows.com/youtube-services/guinea",
  "http://www.buyrealfollows.com/niger/youtube-views-likes-subscribers": "https://www.buyrealfollows.com/youtube-services/niger",
  "http://www.buyrealfollows.com/cook%20islands/youtube-views-likes-subscribers": "https://www.buyrealfollows.com/youtube-services/cook-islands",
  "http://www.buyrealfollows.com/norfolk%20island/youtube-views-likes-subscribers": "https://www.buyrealfollows.com/youtube-services/norfolk-island",
  "http://www.buyrealfollows.com/nicaragua/youtube-views-likes-subscribers": "https://www.buyrealfollows.com/youtube-services/nicaragua",
  "http://www.buyrealfollows.com/pakistan/youtube-views-likes-subscribers": "https://www.buyrealfollows.com/youtube-services/pakistan",
  "http://www.buyrealfollows.com/ecuador/youtube-views-likes-subscribers": "https://www.buyrealfollows.com/youtube-services/ecuador",
  "http://www.buyrealfollows.com/micronesia%20/youtube-views-likes-subscribers": "https://www.buyrealfollows.com/youtube-services/micronesia-",
  "http://www.buyrealfollows.com/kiribati/youtube-views-likes-subscribers": "https://www.buyrealfollows.com/youtube-services/kiribati",
  "http://www.buyrealfollows.com/anguilla/youtube-views-likes-subscribers": "https://www.buyrealfollows.com/youtube-services/anguilla",
  "http://www.buyrealfollows.com/gibraltar/youtube-views-likes-subscribers": "https://www.buyrealfollows.com/youtube-services/gibraltar",
  "http://www.buyrealfollows.com/hong%20kong/youtube-views-likes-subscribers": "https://www.buyrealfollows.com/youtube-services/hong-kong",
  "http://www.buyrealfollows.com/liberia/youtube-views-likes-subscribers": "https://www.buyrealfollows.com/youtube-services/liberia",
  "http://www.buyrealfollows.com/french%20guiana/youtube-views-likes-subscribers": "https://www.buyrealfollows.com/youtube-services/french-guiana",
  "http://www.buyrealfollows.com/philippines/youtube-views-likes-subscribers": "https://www.buyrealfollows.com/youtube-services/philippines",
  "http://www.buyrealfollows.com/honduras/youtube-views-likes-subscribers": "https://www.buyrealfollows.com/youtube-services/honduras",
  "http://www.buyrealfollows.com/iran/youtube-views-likes-subscribers": "https://www.buyrealfollows.com/youtube-services/iran",
  "http://www.buyrealfollows.com/bhutan/youtube-views-likes-subscribers": "https://www.buyrealfollows.com/youtube-services/bhutan",
  "http://www.buyrealfollows.com/jamaica/youtube-views-likes-subscribers": "https://www.buyrealfollows.com/youtube-services/jamaica",
  "http://www.buyrealfollows.com/cyprus/youtube-views-likes-subscribers": "https://www.buyrealfollows.com/youtube-services/cyprus",
  "http://www.buyrealfollows.com/bouvet%20island/youtube-views-likes-subscribers": "https://www.buyrealfollows.com/youtube-services/bouvet-island",
  "http://www.buyrealfollows.com/russia/youtube-views-likes-subscribers": "https://www.buyrealfollows.com/youtube-services/russia",
  "http://www.buyrealfollows.com/jersey/youtube-views-likes-subscribers": "https://www.buyrealfollows.com/youtube-services/jersey",
  "http://www.buyrealfollows.com/macau%20sar/youtube-views-likes-subscribers": "https://www.buyrealfollows.com/youtube-services/macau-sar",
  "http://www.buyrealfollows.com/india/youtube-views-likes-subscribers": "https://www.buyrealfollows.com/youtube-services/india",
  "http://www.buyrealfollows.com/cayman%20islands/youtube-views-likes-subscribers": "https://www.buyrealfollows.com/youtube-services/cayman-islands",
  "http://www.buyrealfollows.com/malawi/youtube-views-likes-subscribers": "https://www.buyrealfollows.com/youtube-services/malawi",
  "http://www.buyrealfollows.com/croatia/youtube-views-likes-subscribers": "https://www.buyrealfollows.com/youtube-services/croatia",
  "http://www.buyrealfollows.com/cocos%20islands/youtube-views-likes-subscribers": "https://www.buyrealfollows.com/youtube-services/cocos-islands",
  "http://www.buyrealfollows.com/puerto%20rico/youtube-views-likes-subscribers": "https://www.buyrealfollows.com/youtube-services/puerto-rico",
  "http://www.buyrealfollows.com/norway/youtube-views-likes-subscribers": "https://www.buyrealfollows.com/youtube-services/norway",
  "http://www.buyrealfollows.com/niue/youtube-views-likes-subscribers": "https://www.buyrealfollows.com/youtube-services/niue",
  "http://www.buyrealfollows.com/east%20timor/youtube-views-likes-subscribers": "https://www.buyrealfollows.com/youtube-services/east-timor",
  "http://www.buyrealfollows.com/brunei/youtube-views-likes-subscribers": "https://www.buyrealfollows.com/youtube-services/brunei",
  "http://www.buyrealfollows.com/pitcairn/youtube-views-likes-subscribers": "https://www.buyrealfollows.com/youtube-services/pitcairn",
  "http://www.buyrealfollows.com/benin/youtube-views-likes-subscribers": "https://www.buyrealfollows.com/youtube-services/benin",
  "http://www.buyrealfollows.com/kazakhstan/youtube-views-likes-subscribers": "https://www.buyrealfollows.com/youtube-services/kazakhstan",
  "http://www.buyrealfollows.com/guadeloupe/youtube-views-likes-subscribers": "https://www.buyrealfollows.com/youtube-services/guadeloupe",
  "http://www.buyrealfollows.com/botswana/youtube-views-likes-subscribers": "https://www.buyrealfollows.com/youtube-services/botswana",
  "http://www.buyrealfollows.com/equatorial%20guinea/youtube-views-likes-subscribers": "https://www.buyrealfollows.com/youtube-services/equatorial-guinea",
  "http://www.buyrealfollows.com/el%20salvador/youtube-views-likes-subscribers": "https://www.buyrealfollows.com/youtube-services/el-salvador",
  "http://www.buyrealfollows.com/guyana/youtube-views-likes-subscribers": "https://www.buyrealfollows.com/youtube-services/guyana",
  "http://www.buyrealfollows.com/brunei%20darussalam/youtube-views-likes-subscribers": "https://www.buyrealfollows.com/youtube-services/brunei-darussalam",
  "http://www.buyrealfollows.com/french%20polynesia/youtube-views-likes-subscribers": "https://www.buyrealfollows.com/youtube-services/french-polynesia",
  "http://www.buyrealfollows.com/oman/youtube-views-likes-subscribers": "https://www.buyrealfollows.com/youtube-services/oman",
  "http://www.buyrealfollows.com/latvia/youtube-views-likes-subscribers": "https://www.buyrealfollows.com/youtube-services/latvia",
  "http://www.buyrealfollows.com/iceland/youtube-views-likes-subscribers": "https://www.buyrealfollows.com/youtube-services/iceland",
  "http://www.buyrealfollows.com/austria/youtube-views-likes-subscribers": "https://www.buyrealfollows.com/youtube-services/austria",
  "http://www.buyrealfollows.com/monaco/youtube-views-likes-subscribers": "https://www.buyrealfollows.com/youtube-services/monaco",
  "http://www.buyrealfollows.com/northern%20mariana%20islands/youtube-views-likes-subscribers": "https://www.buyrealfollows.com/youtube-services/northern-mariana-islands",
  "http://www.buyrealfollows.com/argentina/youtube-views-likes-subscribers": "https://www.buyrealfollows.com/youtube-services/argentina",
  "http://www.buyrealfollows.com/lesotho/youtube-views-likes-subscribers": "https://www.buyrealfollows.com/youtube-services/lesotho",
  "http://www.buyrealfollows.com/montenegro/youtube-views-likes-subscribers": "https://www.buyrealfollows.com/youtube-services/montenegro",
  "http://www.buyrealfollows.com/bangladesh/youtube-views-likes-subscribers": "https://www.buyrealfollows.com/youtube-services/bangladesh",
  "http://www.buyrealfollows.com/eritrea/youtube-views-likes-subscribers": "https://www.buyrealfollows.com/youtube-services/eritrea",
  "http://www.buyrealfollows.com/bahrain/youtube-views-likes-subscribers": "https://www.buyrealfollows.com/youtube-services/bahrain",
  "http://www.buyrealfollows.com/canada/youtube-views-likes-subscribers": "https://www.buyrealfollows.com/youtube-services/canada",
  "http://www.buyrealfollows.com/brazil/youtube-views-likes-subscribers": "https://www.buyrealfollows.com/youtube-services/brazil",
  "http://www.buyrealfollows.com/kuwait/youtube-views-likes-subscribers": "https://www.buyrealfollows.com/youtube-services/kuwait",
  "http://www.buyrealfollows.com/moldova/youtube-views-likes-subscribers": "https://www.buyrealfollows.com/youtube-services/moldova",
  "http://www.buyrealfollows.com/burkina%20faso/youtube-views-likes-subscribers": "https://www.buyrealfollows.com/youtube-services/burkina-faso",
  "http://www.buyrealfollows.com/afghanistan/youtube-views-likes-subscribers": "https://www.buyrealfollows.com/youtube-services/afghanistan",
  "http://www.buyrealfollows.com/comoros/youtube-views-likes-subscribers": "https://www.buyrealfollows.com/youtube-services/comoros",
  "http://www.buyrealfollows.com/pitcairn%20islands/youtube-views-likes-subscribers": "https://www.buyrealfollows.com/youtube-services/pitcairn-islands",
  "http://www.buyrealfollows.com/dominica/youtube-views-likes-subscribers": "https://www.buyrealfollows.com/youtube-services/dominica",
  "http://www.buyrealfollows.com/malta/youtube-views-likes-subscribers": "https://www.buyrealfollows.com/youtube-services/malta",
  "http://www.buyrealfollows.com/madagascar/youtube-views-likes-subscribers": "https://www.buyrealfollows.com/youtube-services/madagascar",
  "http://www.buyrealfollows.com/christmas%20island/youtube-views-likes-subscribers": "https://www.buyrealfollows.com/youtube-services/christmas-island",
  "http://www.buyrealfollows.com/bosnia%20and%20herzegovina/youtube-views-likes-subscribers": "https://www.buyrealfollows.com/youtube-services/bosnia-and-herzegovina",
  "http://www.buyrealfollows.com/armenia/youtube-views-likes-subscribers": "https://www.buyrealfollows.com/youtube-services/armenia",
  "http://www.buyrealfollows.com/guinea-bissau/youtube-views-likes-subscribers": "https://www.buyrealfollows.com/youtube-services/guinea-bissau",
  "http://www.buyrealfollows.com/laos/youtube-views-likes-subscribers": "https://www.buyrealfollows.com/youtube-services/laos",
  "http://www.buyrealfollows.com/norfork%20island/youtube-views-likes-subscribers": "https://www.buyrealfollows.com/youtube-services/norfork-island",
  "http://www.buyrealfollows.com/congo/youtube-views-likes-subscribers": "https://www.buyrealfollows.com/youtube-services/congo",
  "http://www.buyrealfollows.com/cambodia/youtube-views-likes-subscribers": "https://www.buyrealfollows.com/youtube-services/cambodia",
  "http://www.buyrealfollows.com/namibia/youtube-views-likes-subscribers": "https://www.buyrealfollows.com/youtube-services/namibia",
  "http://www.buyrealfollows.com/british%20virgin%20islands/youtube-views-likes-subscribers": "https://www.buyrealfollows.com/youtube-services/british-virgin-islands",
  "http://www.buyrealfollows.com/chad/youtube-views-likes-subscribers": "https://www.buyrealfollows.com/youtube-services/chad",
  "http://www.buyrealfollows.com/gambia/youtube-views-likes-subscribers": "https://www.buyrealfollows.com/youtube-services/gambia",
  "http://www.buyrealfollows.com/nepal/youtube-views-likes-subscribers": "https://www.buyrealfollows.com/youtube-services/nepal",
  "http://www.buyrealfollows.com/japan/youtube-views-likes-subscribers": "https://www.buyrealfollows.com/youtube-services/japan",
  "http://www.buyrealfollows.com/russian%20federation/youtube-views-likes-subscribers": "https://www.buyrealfollows.com/youtube-services/russian-federation",
  "http://www.buyrealfollows.com/netherlands/youtube-views-likes-subscribers": "https://www.buyrealfollows.com/youtube-services/netherlands",
  "http://www.buyrealfollows.com/antigua%20and%20barbuda/youtube-views-likes-subscribers": "https://www.buyrealfollows.com/youtube-services/antigua-and-barbuda",
  "http://www.buyrealfollows.com/romania/youtube-views-likes-subscribers": "https://www.buyrealfollows.com/youtube-services/romania",
  "http://www.buyrealfollows.com/liechtenstein/youtube-views-likes-subscribers": "https://www.buyrealfollows.com/youtube-services/liechtenstein",
  "http://www.buyrealfollows.com/belarus/youtube-views-likes-subscribers": "https://www.buyrealfollows.com/youtube-services/belarus",
  "http://www.buyrealfollows.com/czech%20republic/youtube-views-likes-subscribers": "https://www.buyrealfollows.com/youtube-services/czech-republic",
  "http://www.buyrealfollows.com/costa%20rica/youtube-views-likes-subscribers": "https://www.buyrealfollows.com/youtube-services/costa-rica",
  "http://www.buyrealfollows.com/cape%20verde/youtube-views-likes-subscribers": "https://www.buyrealfollows.com/youtube-services/cape-verde",
  "http://www.buyrealfollows.com/panama/youtube-views-likes-subscribers": "https://www.buyrealfollows.com/youtube-services/panama",
  "http://www.buyrealfollows.com/mongolia/youtube-views-likes-subscribers": "https://www.buyrealfollows.com/youtube-services/mongolia",
  "http://www.buyrealfollows.com/jordan/youtube-views-likes-subscribers": "https://www.buyrealfollows.com/youtube-services/jordan",
  "http://www.buyrealfollows.com/papua%20new%20guinea/youtube-views-likes-subscribers": "https://www.buyrealfollows.com/youtube-services/papua-new-guinea",
  "http://www.buyrealfollows.com/central%20african%20republic/youtube-views-likes-subscribers": "https://www.buyrealfollows.com/youtube-services/central-african-republic",
  "http://www.buyrealfollows.com/falkland%20islands/youtube-views-likes-subscribers": "https://www.buyrealfollows.com/youtube-services/falkland-islands",
  "http://www.buyrealfollows.com/indonesia/youtube-views-likes-subscribers": "https://www.buyrealfollows.com/youtube-services/indonesia",
  "http://www.buyrealfollows.com/finland/youtube-views-likes-subscribers": "https://www.buyrealfollows.com/youtube-services/finland",
  "http://www.buyrealfollows.com/antarctica/youtube-views-likes-subscribers": "https://www.buyrealfollows.com/youtube-services/antarctica",
  "http://www.buyrealfollows.com/andorra/youtube-views-likes-subscribers": "https://www.buyrealfollows.com/youtube-services/andorra",
  "http://www.buyrealfollows.com/democratic%20republic%20of%20the%20congo/youtube-views-likes-subscribers": "https://www.buyrealfollows.com/youtube-services/democratic-republic-of-the-congo"
}
